full_text,username,created_at
im a little doubtful about this case if for example the perpetrator has been arrested and imprisoned and then if he is released if he praises god he changes and doesnt pursue it anymore thats a good thing but if he continues to be a stalker   im really sorry for you but if you swear to death the perpetrator will die,Mokasellingacc,Thu May 16 21:19:10 +0000 2024
is it because the girl is not rich or because the perpetrator is the son of a police officer,FoodaholicPr,Thu May 16 21:17:21 +0000 2024
the perpetrators friend has been caught clear name clear address 2016 there is already a social media dpo no face or hidden,MPrimbon,Thu May 16 21:14:54 +0000 2024
when the actions of bullies at school are too often condoned by parents and teachers perhaps the most appropriate solution is to bully the bullies again so that awareness arises of the same fate but it is morally incorrect,Enji_PW,Thu May 16 21:14:41 +0000 2024
the brothers and sisters are the victims wife and the perpetrators wife if the husbands are just inlaws try reading again there is a sentence inlaws kabehmantu all of them,gula_jawwa,Thu May 16 21:06:54 +0000 2024
the main perpetrator hasnt been arrested yet how could 8 people already be in prison and know him,leawfy,Thu May 16 21:03:58 +0000 2024
hotman paris asks the police to reopen the the girl cirebon case and look for the 3 perpetrators who have not been arrested,MSNindonesia,Thu May 16 21:02:36 +0000 2024
hopefully the perpetrator will be caught quickly,Amrizaldy511,Thu May 16 21:01:52 +0000 2024
polda metro jaya will take firm action against perpetrators of robbery,Kabar_Tangsel,Thu May 16 20:57:21 +0000 2024
he said that the victim was the child of a police officer but usually the victim is a police officers family so im suspicious is it possible that the perpetrator may have become a victim and the police and netizens wont be caught,cuaqilxjaga,Thu May 16 20:55:20 +0000 2024
on the first day there were 88 fisheries business actors who took part in this activity it is hoped that this activity can help smallscale fishermen obtain free and transparent permits from the government,DPMPTSPJateng,Thu May 16 20:50:19 +0000 2024
who knows among the 3 perpetrators there is someone who is stressed being haunted by a shadow and guilty of sin so hopefully he doesnt get caught before he is caught he shoots him dead straight away,ghef1945,Thu May 16 20:50:16 +0000 2024
perpetrators of sexual harassment and exposing their genitals share with other viral news media so that their extended family and friends will see namajiwa alfalah whatsapp number 6283897092732,BERITA4643651,Thu May 16 20:45:28 +0000 2024
as someone with a disability im really sad i swear the perpetrator will die i hope it doesnt happen to you,bukanDeecoRen,Thu May 16 20:44:12 +0000 2024
i hope it doesnt happen to the perpetrator who typed just be careful sick people if you pray your heart will usually get it answered,bukanDeecoRen,Thu May 16 20:40:57 +0000 2024
if in the us the law could protect anyone who feels disturbed by other peoples actions for example stalking a stalker or so on then they can be reported to the police then the perpetrator will get a warning letter not to contact keep a distance of 2050 m from the victim if violated they can be punished,rrwaaan_subuh,Thu May 16 20:26:31 +0000 2024
dont worry the main perpetrators 3 of whom have already died have already been killed who wouldnt be hurt when they saw their children brutally murdered,wae_pipit,Thu May 16 20:11:28 +0000 2024
why does the victim always have to think about the perpetrators future,baesashimi,Thu May 16 20:09:48 +0000 2024
the case in bogor has not yet been revealed the female student whose name was noven who was stabbed to death its been a long time since the perpetrator was caught,Yasinuzumaki48,Thu May 16 20:09:15 +0000 2024
ub has had many perpetrators of sexual harassment or violence but on the campus itself it takes a really long time to make the process that the author said i dont know what the news is like the campus is really silent or not,ziophelia,Thu May 16 20:08:36 +0000 2024
its crazy why you protect suspects   how many criminals do they do that,jinscutetongue,Thu May 16 20:05:30 +0000 2024
i dont know what to comment i want to use gender studies i can defend this anonymous account i want to use meaning analysis i can defend the accused perpetrator so what do you do hahaha i just want to remember the uny case so be more careful in analyzing the sip ntap,ayunda_NF,Thu May 16 20:05:08 +0000 2024
with the aceh youth trust program they will receive a lot of useful training so that they can increase their independence competence and professionalism to become young entrepreneurs,iezmawatie,Thu May 16 20:04:12 +0000 2024
the fact is that money politics is allowed to run rampant in the 2024 elections which requires firm and fair action against all perpetrators of money politics,Ex_TKI,Thu May 16 20:02:29 +0000 2024
raids can only be controlled by your hands and it is not your right to hit the perpetrators in question let their parents rights be exercised and your right is only to protect them and report them if my position is their family i will make a fuss about the person who caused the injury,walkingmilky,Thu May 16 19:55:26 +0000 2024
thank you police friends we will immediately take firm action against the perpetrators who sell subsidized fuel outside the sragen police area for further information wa center 62 8877110110 thank you greetings precision,polres_sragen_,Thu May 16 19:49:22 +0000 2024
the first chapter of the 8 perpetrators admitted that there were 3 other perpetrators who had not been caught but after appearing before the judge the 8 perpetrators did not talk about the 3 perpetrators who are still in the dpo until now source hotman paris,ciut_wisnu,Thu May 16 19:45:43 +0000 2024
politics almost two years after the murder perpetrator there is still no clarity on the polices ongoing investigation but they have never determined whether the suspect is working or not,undipmenfess,Thu May 16 19:41:29 +0000 2024
sole perpetrator charged in slovak pm shooting indicted,infoinajahh,Thu May 16 19:39:10 +0000 2024
how can the perpetrator who escaped has been living peacefully until now,yoOwges,Thu May 16 18:46:39 +0000 2024
except for domestic violence perpetrators since college i have promised myself that i will always intervene even if i dont ask,ImaIsBack,Thu May 16 18:45:31 +0000 2024
the uu it rubber article was created during bu mgas era and passed during the sby era to ensnare perpetrators of digitalbased fraud after the sby era uu it became a scourge uu it was used for revenge and was used by strange people like the photo above,demonhadess,Thu May 16 18:37:29 +0000 2024
victim of car window throwing appreciation to medan baru police for arresting perpetrator,ArahindonesiaTV,Thu May 16 18:34:10 +0000 2024
the difficulty of the police finding the three fugitives in the the girl murder case is indeed exciting even though the eight perpetrators have been caught the other three are still free and are suspected of hiding in jakarta under new identities,pragibs_,Thu May 16 18:33:44 +0000 2024
uphold justice for the girl please pay attention to the national police chief and his staff and all the indonesian people to find the 3 perpetrators of the 8 year dpo who have not been caught,MCH_Nine,Thu May 16 18:32:46 +0000 2024
never mind news like this doesnt need to be reported anymore children copying other murderers are embedded in their brains so they become curious until they kill someone criminal,delisocious,Thu May 16 18:32:34 +0000 2024
the girl is so sorry god you cant imagine the pain of being tortured like that once before you die i hope the perpetrator lives in peace for the rest of his life,hikemma,Thu May 16 18:30:27 +0000 2024
in my opinion with this film the case will be brought up again which is unfair i think the family has also tried to seek justice but the results have been to no avail with this film the case can be processed again im sure the three perpetrators will be caught,putriAh57487358,Thu May 16 18:30:19 +0000 2024
  expose this father so that he can feel the one who covered up the perpetrator,momo_zeanx,Thu May 16 18:26:39 +0000 2024
until now the case has been closed for 2 years more than an indication that the perpetrator has not been found until now it is still being updated in the semarang city information media in the fb group,Sannzztyz,Thu May 16 18:22:37 +0000 2024
every day i always hear about the progress of the girls case thank god the case is being handled by a top lawyer like mr hotman hopefully the 3 perpetrators will be caught soon,rrgaditya,Thu May 16 18:20:12 +0000 2024
yes bro he still eats hoaxes as if he were the main perpetrator,Xerozz272931,Thu May 16 18:14:14 +0000 2024
perpetrators of sexual harassment fraud have been playing games on vcs services lets spread the word about this person so that this persons close relatives and family know the behavior of his perverted brain amerta ketum icang,fortuncte,Thu May 16 18:13:19 +0000 2024
its really scary i hope the perpetrator doesnt live in peace forever,caapila,Thu May 16 18:11:44 +0000 2024
pelaku yang berlagak sebagai korban narsis psikopat ini ngerinya punya senjata nuklir dan siap melakukan opsi samson,SohibCamp4,Thu May 16 18:04:19 +0000 2024
the perpetrator who pretends to be the victim of a narcissistic psychopath is horrified that he has nuclear weapons and is ready to carry out the samson option,jstnvm_,Thu May 16 18:04:07 +0000 2024
bareskrim polri joins the hunt for three fugitive perpetrators of the cirebon the girl murder the release of the film the girl before 7 days seems to reopen the mystery of the the girl and eky murder case in the city of cirebon west java in 2016,tvOneNews,Thu May 16 18:02:35 +0000 2024
tangsel police are complicated after the rape case of a girl has stalled for 2 years ma who is now 17 years old is the victim of rape by a perpetrator named holid at pondok kacang barat pondok aren south tangerang city tangsel,tvOneNews,Thu May 16 18:02:34 +0000 2024
police shoot three of four perpetrators of a sadistic robbery gang in bogor,AdjetLazua15595,Thu May 16 17:55:45 +0000 2024
if you dont reply to my chat this is definitely a slipup with the potential new perpetrator who is actually the victim,likeuthemost,Thu May 16 17:54:03 +0000 2024
its just that because of this film the case has become even more viral now sis who knows netizens will be able to reveal the perpetrator surely the family also wants justice for the deceased whats important is alfatihah for the deceased ka,Milkice_03,Thu May 16 17:50:59 +0000 2024
seriously thats why its really annoying and the perpetrator of the stalking is on twitter and was in a tv interview the last time i found out i hope its in line with what you watch bro,swansbell,Thu May 16 17:50:27 +0000 2024
until now the crime case of the girl caribon west java has not been fully revealed because this country cannot reveal this case the perpetrators of the murder and rape attacks have not been caught yet where is the justice in this country,AgungHa12294,Thu May 16 17:49:24 +0000 2024
if its about ghosts maybe they made it because in the viral recording the friend who was possessed knew that the perpetrator wanted to run away to jakarta because the person who wanted to make the film doesnt know where he came from when he found out that someone had run away to jakarta maybe it was made like that but its still just an opinion,Milkice_03,Thu May 16 17:48:59 +0000 2024
after reading the translation it was a bit scary i think its an indication of potential mental disorders i also saw that many reps were blaspheming his account because he was up by a dangerously obsessed perpetrator dont do anything reckless stay safe bro,incredibroX,Thu May 16 17:48:20 +0000 2024
the film is really unethical even though the girl is the victim and the real perpetrator has not been found but it is being exploited the story of the harassment scene is very clear and in the film the girl is even made into a terrorizing ghost and also the original voice recording of the girl being harassed is shown at the end of the film,zoyalenski,Thu May 16 17:41:18 +0000 2024
i wonder if the mastermind behind the murder is holding tricks that are really making a loss bro,claudiahierari,Thu May 16 17:40:28 +0000 2024
hello to one of the names included in the following thread and also several people whose faces are also included in the screenshots in my thread they have nothing to do with the perpetrator at all,8vvrxrvqk5,Thu May 16 17:40:27 +0000 2024
if you look at his behavior we all agree that this perpetrator is crazy at first he was probably afraid because it went viral but to cover up his fear there is a possibility that he could be reckless and it would be a risk for his sister first of all look for assistance first once it goes viral it will definitely be over,Kuuciiing_,Thu May 16 17:38:05 +0000 2024
it went viral until the perpetrator was heard to be traumatized and died haunted by the incident,helehtakpenting,Thu May 16 17:36:46 +0000 2024
its cool that the police can be firm in their work against intolerant perpetrators,MeigySyah26502,Thu May 16 17:34:40 +0000 2024
the case of the disappearance of the chairmans pon monument prompted riau to pledge idr 100 million to the finder of the perpetrator who destroyed it,JabarYeuh,Thu May 16 17:30:20 +0000 2024
we are not able to arrest the perpetrators in 2016,sukongowo,Thu May 16 17:29:36 +0000 2024
annoying video the actor is small but the employee has a big body but cant kickass the 610 cameraman,MilanOutLoud,Thu May 16 17:29:20 +0000 2024
images created by islam to bring down christians   your trash accounts have been popping up a lot since the arrests of the perpetrators of the massive church dissolution were made and another one with your dirty mouth like this can really make people convert to islam,indo_mie13,Thu May 16 17:05:38 +0000 2024
the girls case was brought back after 8 years of speed bumps the only thing im worried about is that if the police are pushed like this theres a possibility that the wrong perpetrator will be caught my hope is that the real perpetrator will be caught,shiningyeay,Thu May 16 17:03:05 +0000 2024
indeed the case was deliberately dismissed because 1 perpetrator was being covered up,Amran_bin_Al,Thu May 16 17:02:11 +0000 2024
you buzzer the perpetrator seems to have no brain just think the case has been going on for 8 years 3 people havent been arrested whats the end if the intention is to be prosecuted legally because it is protected,UmatEkonom84976,Thu May 16 17:02:06 +0000 2024
on the news friday night there was a murder of a mosque imam who was stabbed to death while performing his ablutions while the perpetrator ran away,panturarayacom,Thu May 16 16:57:10 +0000 2024
in my opinion because doctors as practitioners of healing teach the object that humans dont know they have a headache,weraone12,Thu May 16 16:54:42 +0000 2024
i personally dont like the horror part because the girls story before 7 days is really sad   i hope Man and the other 2 perpetrators are caught quickly even though it will take a long time because Mans father is a police officer so its definitely going to be hard to find them,sweat_avocado,Thu May 16 16:54:11 +0000 2024
the complexity of the photo of the main perpetrator of this murder can actually be cleared up in one way ms linda please bring it to the surface this the girl case is the only one that happened in a film but was investigated in the real world,Aliemoen,Thu May 16 16:53:21 +0000 2024
dont let the girls case become a subang case immediately arrest the perpetrator and sentence him to death because it is included in the category of sadistic acts and the family of the police who protected him were immediately fired with no honor,secret_Govermen,Thu May 16 16:51:25 +0000 2024
there was a classmate who made fun of the religion teacher when he passed in front of the class and was heard talking to the teacher and the perpetrator didnt want to admit it as a result the class was told to go in to apologize to him there was a warning from all the teachers who taught all week long,Jannah_58,Thu May 16 16:50:51 +0000 2024
yesterday it was said that if the victim fights the perpetrator and the perpetrator dies it cant be said that he was defending himself now the victim of abuse by officials from the transportation department is even thought to be the perpetrator who hopes that high school students will be educated for 6 months to become police and sometimes there are people who bribe them with money,Yoerikoe,Thu May 16 16:50:39 +0000 2024
murder case of mother and child amelia su bang the real perpetrator has not yet been caught in the murder of civil servants in marina semarang the transition victim the witness in the corruption case the perpetrator is free maybe the perpetrator is one of the dismrg officials,Hardianto_AB,Thu May 16 16:50:06 +0000 2024
whats interesting to read is that this book tells the story of a woman who felt that her daughters death was odd and she found four perpetrators who were students where she worked in essence the female character wanted revenge against the four perpetrators,bbibiiuu,Thu May 16 16:49:11 +0000 2024
hey bro murder cases are also related to supernatural things for example the murderer surrendered because he was haunted by the victim try if you are not haunted by the perpetrator you are still free,Hardianto_AB,Thu May 16 16:48:09 +0000 2024
most people play tiktok thats why cases like this dont get resolved what work do you do for playing tiktok it doesnt take 8 years if youre serious sir there are perpetrators who have been arrested sir just ask them if they dont admit it pull out their nails until they confess its better to understand uncovering the case,IamStrong731,Thu May 16 16:45:40 +0000 2024
the perpetrator of the baby dumping in the fish pond was revealed to be a vocational school student in central lampung,Beritasatu,Thu May 16 16:42:35 +0000 2024
must be more stringent with full support from the attorney generals office to clean up all perpetrators of corruption,zaramandanrl9,Thu May 16 16:42:13 +0000 2024
oh so hes the culprit who made my indihome internet slow,lsrief,Thu May 16 16:41:28 +0000 2024
after checking the ig tiktok which has a photo that is not indonesian the perpetrator used his photo to lie to you be patient next time be more careful in trusting new people be sincere hopefully your fortune will be replaced many times over,alyssachilly,Thu May 16 16:40:57 +0000 2024
police shot dead one of the thieves of satrio mukti raharjo 18 prospective police noncommissioned officer chassis students on jalan arjuna kebon jeruk west jakarta on saturday may 11 2024,tvrinewscom,Thu May 16 16:36:46 +0000 2024
this is really true many perpetrators like to be unaware of what they themselves have done i am one of the witnesses and victims but that doesnt cover the fact that there are still many people who lack mental education so they cant be aware of their surroundings,noobielen,Thu May 16 16:35:39 +0000 2024
there the cast was put in the sewer the barrel was put in we found the perpetrator has been identified also here in fact the akseyna ui case and the girl dpo case 8 years old havent been found yet on my indonesia,baksocious,Thu May 16 16:34:44 +0000 2024
but when i read the perpetrators tweets i felt more pitiful because im also learning to be a mother and often read that a childs character is influenced by his parents so i thought he was obsessed because he was given 5 thousand in cash when he was in middle school and his friend was lonely and didnt have enough love,sariggonedum,Thu May 16 16:34:13 +0000 2024
spill the main perpetrator,jwnuxh,Thu May 16 16:33:50 +0000 2024
kinda funny to imagine that the main perpetrator was parked haphazardly and watched them fight in the ui forest tonight while grinning,aluvla,Thu May 16 16:32:56 +0000 2024
i was coming home from college passing by a group of elementary school children when i arrived in front of them one of them was shouting kiw kiw at first they laughed until they saw nanas reaction they just kept quiet and glanced at the perpetrator then after nana had walked a little distance she said kk thats not polite you know,MysteryOfEterni,Thu May 16 16:32:44 +0000 2024
cliff police arrest 1 perpetrator of theft under the top of lake riau,batamtoday,Thu May 16 16:31:50 +0000 2024
the girl may there be peace in nature hopefully the perpetrators who have not yet been caught will be caught quickly,jagadooR,Thu May 16 16:30:53 +0000 2024
in my opinion the girls film reminds of the incident in this film where a child became a victim of sexual violence and was hanged from a tree and thrown away interestingly the legal process is not the perpetrator but the victims father because he managed to kill him before the trial process,mohaverr,Thu May 16 16:30:07 +0000 2024
indonesia has a restraining order but only for cases where i have never met and made a report for people like this who are stalking and chasing they can be threatened but there has to be a clear message from the perpetrator otherwise its really difficult,reinhardsanden,Thu May 16 16:29:42 +0000 2024
its an indication of fabrication because the 5 people who are serving time dont know the 3 perpetrators who escaped according to the lawyer the 5 people who were convicted were clients at the time of the incident they were standing at home 1km away from the crime scene on tvone they confronted the cirebon police but the connection ended up being disconnected,elleanor12,Thu May 16 16:28:47 +0000 2024
it could be that the three fugitives have been killed or the position of the main perpetrator is higher than that of ekis father who is a police officer,Dewiino24,Thu May 16 16:26:35 +0000 2024
even though there is ms nana at ugm at ikopin there is ms heira and there are many more who have definitely not joined my party or have not been invited to live in the cooperative as well as ms yani the chairman of the aquarium village cooperative ms eny jrmk,sk8rboyseeul8r,Thu May 16 16:26:31 +0000 2024
wanted to flee to bali mojokerto motorbike thief was arrested in purabaya mojokerto one perpetrator of motor vehicle theft managed to escape with goods via,beritajatimcom,Thu May 16 16:26:07 +0000 2024
he said the perpetrator was autism,Vani_la123,Thu May 16 16:25:26 +0000 2024
  the hunt for the perpetrator of the late the girls murder is getting more and more exciting indonesian netizens if something like this can be done i really hope that the perpetrator is caught as a barbarian really because its really nice to be able to kill and rape people but for 8 years you can still go anywhere you have to go to jail this year,do__mifasol,Thu May 16 16:25:04 +0000 2024
the behavior of this student was quite sadistic the perpetrator had the heart to stab the ustazah to death this incident occurred at the islamic boarding school on jalan danau rangas palangkaraya central kalimantan central kalimantan,serambinews,Thu May 16 16:24:59 +0000 2024
so im confused why you havent been arrested yet even though the other 8 people have already been arrested but these 3 perpetrators havent been arrested because they made a film it went viral and then the case was reopened,Jawara1945,Thu May 16 16:24:06 +0000 2024
who is the backing of the motorbike gang and the backing of the 3 rape murder perpetrators who have been on the run since 2016 until now,penjagadapur,Thu May 16 16:23:53 +0000 2024
the perpetrator who made me thrown down by my mother for screaming,loveudokyeom,Thu May 16 16:23:40 +0000 2024
this depraved grandfather a 71 year old grandfather was desperate to molest an underage girl in north sumatra the perpetrator admitted that he had had sexual intercourse with the victim who was his own granddaughter 10 times on an oil palm plantation,serambinews,Thu May 16 16:23:39 +0000 2024
new facts about the the girl cirebon murder case are that the perpetrator was the first person to inform the family about the death of the victim,klikaktual,Thu May 16 16:20:53 +0000 2024
murder and rape cases cases from 2016 but until now there are still perpetrators who have not been caught,Jawara1945,Thu May 16 16:20:52 +0000 2024
the cunning method of the perpetrator of the viral robbery in tajur bogor has been revealed the victims car was equipped with gps from the start,AlienBali,Thu May 16 16:20:11 +0000 2024
revealing the irregularities in the sentence of the perpetrator who murdered the girl cirebon who has been released even though the sentence has not been completed,AlienBali,Thu May 16 16:20:09 +0000 2024
garut police criminal investigation unit arrests 3 perpetrators of theft breaking news,tarungnews2,Thu May 16 16:18:04 +0000 2024
amen hopefully the perpetrator will be caught quickly best wishes for the good people,day_sun34,Thu May 16 16:17:49 +0000 2024
hello if you still forgot coho is a problematic enabler my son is the perpetrator and when the victim complains coho actually blocks him if you dont know look for information first okay,writtenisa,Thu May 16 16:17:46 +0000 2024
im the typical person who will tell the perpetrator to find out why he did it,humanmukabumi,Thu May 16 16:17:35 +0000 2024
looking for the perpetrator if the victim is md is usually quicker to get clues from smart people theres something different,Nofafifu_,Thu May 16 16:17:06 +0000 2024
but im also a perpetrator of the silent treatment,reacityclub,Thu May 16 16:16:55 +0000 2024
the owner of an exorbitant ground coffee business was stabbed to death by the perpetrator of the theft after he discovered the theft at his house after the stabbing the perpetrator hid at his grandmothers house,iNewsPlg,Thu May 16 16:16:33 +0000 2024
im the type of person who if hurt prefers to remain silent i cant even tell the person closest to me especially here i feel alienated which means theres a possibility that after hes honest fatih salim gios response will be like were already strangers right,yourraiin,Thu May 16 16:14:05 +0000 2024
8 years have passed 3 new perpetrators have been dpo what have you been doing for these 8 years uncle hahaha,nawaderring,Thu May 16 16:13:15 +0000 2024
my late father really loved my late mother even though they didnt work in the afternoons they often played the piano and sang together like people who were dating my father defended my mother who didnt work my mother was a household economist my mother worked after my father died,AriskaPutraS,Thu May 16 16:11:44 +0000 2024
the zionists dont know but they are my enablers because their children are the perpetrators,isagyis,Thu May 16 16:08:15 +0000 2024
im one of the exes thank god allah still loves me everything was almost destroyed career family economics health etc the family must be tough and firm towards perpetrators of judol 1 keep the judol device away from him cell phone computer 2 strengthen himself with religion 3 monitor his friendships,Belajarpolitik5,Thu May 16 16:08:11 +0000 2024
this is the role of the 5 perpetrators of the national police nco chassis robbery in kebon jeruk,Beritasatu,Thu May 16 16:07:06 +0000 2024
ojol medan arrests the perpetrator of the crime,Masteng7103,Thu May 16 16:06:40 +0000 2024
netizens who demolished the facebook account of the main perpetrator in the cirebon the girl case wrote a status like this,OposisiCerdas,Thu May 16 16:06:25 +0000 2024
go to his house meet his family discuss the problem if there is no response from the family or there is no change from the perpetrator threaten to report it as an unpleasant act,sufi69fitriani,Thu May 16 16:05:31 +0000 2024
mother and child in tangerang caught distributing fake money the alleged perpetrator confessed,arahkitamedia_,Thu May 16 16:04:48 +0000 2024
its really scary the perpetrator should have become a psychiatric patient he could have been treated now this has traumatized the victim and has the potential to cause physical harm as well,saritjiang,Thu May 16 16:04:18 +0000 2024
some of the perpetrators of digital traces have been caught none of them are members of the gang there is no structure in fact there is help from jinn the case has been going on for years until now i just say its difficult,bian_sober,Thu May 16 16:04:17 +0000 2024
shooting pm slovakia a 71 year old perpetrator was arrested,tempodotco,Thu May 16 16:03:20 +0000 2024
yes but apart from that there are already security officers or not tj duren has always been very prone to theft several syndicates of the perpetrators were caught they are still from here too they are just from different gangs they just come back to each other just have to be extra careful in the future dont let it happen again,dwhandayani1,Thu May 16 16:02:57 +0000 2024
because there is no photo of the perpetrator tomorrow i will ask random people to see if he killed the girl,dewitobrut,Thu May 16 16:02:43 +0000 2024
  this is what this brothers friend told him about by the director or the director was told about it by his brothers friend,kkpunasional,Thu May 16 16:02:20 +0000 2024
way serdang police reveal perpetrator of cheating as a repeat criminal,deni4579,Thu May 16 15:29:47 +0000 2024
after going viral again west java regional police released 3 perpetrators of the murder and rape of the girl dewi arsita and her lover m rizky rudian or eki even though it happened in august 2016 this tragic incident has not been solved,aan_media,Thu May 16 15:29:15 +0000 2024
after reading this the perpetrators actions can be reported to the police,duakomaaa,Thu May 16 15:29:11 +0000 2024
there are but not just anyone can find someone who sells this data you know buying and selling data like that will go to cyduk there was a free one at that time the data was leaked from the perpetrator of bjorka but i havent had time to download it the link is gone it says its valid,DeraOyy,Thu May 16 15:28:12 +0000 2024
here bro there is an interview with the perpetrator of the invasion at that time hahaha,TAU19FIQ,Thu May 16 15:28:07 +0000 2024
every semester i am put in trouble where the perpetrator is not me i mean why am i the one accused,matchapuffyy,Thu May 16 15:28:02 +0000 2024
hello vice president elected this is an insult to the martabak maker who in fact is a small businessman if you let him tell your brotherinlaw boby isnt right this is his subordinate,davinci88478479,Thu May 16 15:28:02 +0000 2024
this film is quite good but i cant bear to be with the late the girl al fatehah for the late the girl the main perpetrator was immediately caught and punished severely,Desy9292,Thu May 16 15:27:53 +0000 2024
the perpetrator of stealing 40 sacks of bulog rice was successfully arrested by west metro police personnel,tintainformasi,Thu May 16 15:26:05 +0000 2024
police chassis was robbed in kebon jeruk one of the main perpetrators was shot dead,apakabarcoid,Thu May 16 15:25:37 +0000 2024
i was shocked when i read the perpetrators tweet it was really scary i really got goosebumps tweeting for years discussing just one person and his obsession with imagining having a relationship with the victim imagining the kindness of the person in reply even though its like this its not really healthy for his soul and mind,eivamsti,Thu May 16 15:25:23 +0000 2024
dealer of methamphetamine narcotics in sidomulyo in ciduk bari bawah police nusantaraexpress labuhanbatu head of criminal investigation unit blade downstream police ipda manalu sh together with his opsal team succeeded in arresting the perpetrator of the drug dealer of the type of methamphetamine with the initials min,MEDIAEXPGROUP,Thu May 16 15:24:41 +0000 2024
this is what needs to be corrected even though if we both fight together it can definitely make the perpetrator not dare to do the same thing again,peortonto,Thu May 16 15:22:46 +0000 2024
ke 8 tersangka ngak mu gkin ngak ada yang tau ke 3 pelaku nama dllth 2016 hp kamera sudah ada dan rata2 mampu pasti beli hp8 th bukan waktu yang sebentarsemoga bapak2 kepolisian cepat menangkap 3 pelakunyasemoga dapat perhatian dari bapak kapolri,Waode0803,Thu May 16 15:22:29 +0000 2024
no one knows the 8 suspects no one knows the names of the 3 perpetrators etc in 2016 camera cellphones already exist and the average person can afford it surely buying a cellphone in 8 years is not a short time i hope the police will catch the 3 perpetrators quickly i hope they will get the attention of the national police chief,Red13Maxi,Thu May 16 15:22:08 +0000 2024
ratu talisha reveals that the perpetrator of the girl cirebons murder was deliberately not arrested,OposisiCerdas,Thu May 16 15:21:15 +0000 2024
by ur logic 99 perpetrators who violate traffic rules are allowed to bribe the police and the police just understand that if someone bribes them then the act of bribery and corruption can continue only because the police understand how indonesia wants to progress indonesia is worried about 2045,LegallyAgent,Thu May 16 15:20:14 +0000 2024
a young husband and wife were caught hanging around at the alfamart on jalan raya lenteng agung this afternoon the two perpetrators were immediately surrounded and interrogated by local residents at the crime scene,KepaArgawinata7,Thu May 16 15:19:13 +0000 2024
the incident that happened to him should not have happened and i urge the authorities to take firm action and impose appropriate punishment on the perpetrator we want justice for masayaitahs younger brother,AdamAdli,Thu May 16 15:19:09 +0000 2024
group of teenagers threw alcohol bottles and firecrackers at one of yogya citys vocational schools police are investigating the perpetrator of the alleged attack by a group of teenagers that occurred at a state vocational high school located in cokrodiningratan subdistrict,tvOneNews,Thu May 16 15:04:16 +0000 2024
even though you just have to ask the suspect who has been arrested or not who the main perpetrator is,amoredja,Thu May 16 15:04:11 +0000 2024
youre dead the 3 perpetrators who are on the run im sure from the start of the film in the cinema the perpetrators couldnt sleep soundly hahaha take note of my words,Pandawarman3,Thu May 16 15:03:46 +0000 2024
yes but the voice recording when the girls friend was possessed as a way to open the case is said to be one of the perpetrators of a silop child you know,GubernurG5,Thu May 16 15:03:39 +0000 2024
1 in the middle of the school and the father of the perpetrators child won the rank and utowo lost the rank to the police chief who served as saiki 2 to the family of the perpetrator,RachmanWahyuA,Thu May 16 15:03:28 +0000 2024
the main perpetrator who robbed prospective police noncommissioned officer students was shot dead by police officers because he resisted while being detained the other two were shot in the legs while running away said the head of subdirectorate for jatanras ditreskrimum polda metro jaya akbp rovan richard,RadioElshinta,Thu May 16 15:02:27 +0000 2024
i dont know who reported it or not but from my friends story the perpetrator saw a photo in his report where the photo was taken from the window of my friends boarding room on the 2nd floor so the perpetrator immediately knew where he took it from,feblistiawan,Thu May 16 15:02:04 +0000 2024
the perpetrator had a problem with pkbh si b was working at pkbh and then the perpetrator bumped into b who had just left pkbh the point is but the relationship between the perpetrator and b is still unclear imo,dibawahpressure,Thu May 16 15:01:48 +0000 2024
how come smoking is equated with committing adultery,marvellmaliki2,Thu May 16 15:01:20 +0000 2024
bullies tend to quickly forget the wounds inflicted on their victims the victims will never forget the wounds they have inflicted and will always remain,wandadesign755,Thu May 16 15:00:52 +0000 2024
there is an end lets pray together as clever as we are at closing the rot of murder the last eyes the victim saw will follow the perpetrator its only a matter of time,senyuuumdoong,Thu May 16 15:00:27 +0000 2024
innalillaahi wainnailaaihi rojiun the perpetrator must be caught,Dito101074,Thu May 16 15:00:18 +0000 2024
i will be proud to be an indonesian citizen if the perpetrator can be arrested and punished according to the 5th principle of justice for all indonesian people,Topmassage9,Thu May 16 14:59:49 +0000 2024
astaghfirullah innalillahi wa innailaihi rojiun this is really sadistic the perpetrators of this bastard must die cant bear to hear the voice in the video hopefully those 3 bastards will be caught soon,Vheattoe_RM,Thu May 16 14:59:26 +0000 2024
possessed by a the girls friend threatening the police to arrest 3 other perpetrators if they cant find them let me come,geloraco,Thu May 16 14:59:12 +0000 2024
in my personal opinion the 3 main perpetrators were actually caught and immediately executed and the 2 people who were published were caught by the police so they were side actors so they just got beaten up,manis2_pahit,Thu May 16 14:58:31 +0000 2024
not only thoroughly investigating who the perpetrators are and their motives but also helping people who have been abandoned because no matter what they are also indirectly victims in this case which is why i say this detective investigation is not unusual,yakultisme,Thu May 16 14:57:42 +0000 2024
the perpetrator of the robbery of the chassis of a national police noncommissioned officer was shot dead by the police,NasionalBerita_,Thu May 16 14:57:08 +0000 2024
the girls murder case if it wasnt made into a big screen film wouldnt have gone viral and the perpetrators wouldnt have been prosecuted its really strange but its true in konoha what happened in 2016 has only gone viral now,KurniaHendra94,Thu May 16 14:55:45 +0000 2024
in the future someone will chase the perpetrators of the 50 km massacre,SyairHak,Thu May 16 14:54:11 +0000 2024
the victim is 15 years old the perpetrator is between 14 and 16 years old the behavior of the citizen with an iq of 78 4 is indeed beyond nurul,babijoged,Thu May 16 14:53:20 +0000 2024
the ipa convex 2024 event schedules ideas in this industry for business people and students there are many winners,detikfinance,Thu May 16 14:52:45 +0000 2024
ive watched the full podcast and its really sad i hope the deceased gets the best place and then the remaining 3 main perpetrators are caught quickly and then just thrown into the lions den,matchababe_,Thu May 16 14:52:15 +0000 2024
12 drug dealers arrested by police confiscating 49 kg of drugs,VIVAcoid,Thu May 16 14:51:05 +0000 2024
now reporting to jaki is also difficult between how long it takes to deal with it or being dealt with but being kicked out by my friend i reported that someone was burning rubbish but instead the officer threw a punch at the perpetrator in the end the perpetrator was hit and the rubbish continued to burn,feblistiawan,Thu May 16 14:50:45 +0000 2024
prospective police student mugged in orange grove police arrest five perpetrators,apakabarcoid,Thu May 16 14:50:25 +0000 2024
just hanging in the square is suitable for the perpetrators,IPujianugraha,Thu May 16 14:49:21 +0000 2024
ss fake acc conversation with the perpetrator,shaquillarn,Thu May 16 14:48:13 +0000 2024
the number plate of the perpetrator of the thief and crash was b 6723 sog 07 28,alia_olio,Thu May 16 14:46:53 +0000 2024
whats more frightening is the fact that you share the same dorm as the perpetrator,O7O5w,Thu May 16 14:46:26 +0000 2024
i like seeing fellow deviants making noise and cursing at each other,benabdlwaheed,Thu May 16 14:46:16 +0000 2024
basically he gave the perpetrator 5k out of pity and care after which he was terrorized for 10 years because of his obsession,blauw123,Thu May 16 14:45:23 +0000 2024
indecent perpetrators who are still teenagers forgive louis onty angkel,diesoberr,Thu May 16 14:44:44 +0000 2024
fraud flow the perpetrator claims to be the owner of the studio band the method is to ask for a deposit to rent the studio ask for a security deposit for damage the perpetrator is still operating continuously,Asmenasshit,Thu May 16 14:43:45 +0000 2024
who has 2 older sisters playing victims even though i was the victim but was made the perpetrator i was the one with the painful wound my brother wasnt injured he was safe instead my father defended me,alysyamsyiah,Thu May 16 14:41:12 +0000 2024
please enlighten me whether the behavior of work and husband and wife like them can be normalized because the perpetrators of these actions seem to be considered normal,ichasparrow,Thu May 16 14:37:57 +0000 2024
in my opinion the most popular case on plate e is that it cant be logical that the spirit of someone who died cant possess other people the one who possessed him was an evil qorin because the victim had a grudge against the perpetrator,merapatsini,Thu May 16 14:37:25 +0000 2024
im not surprised that it can still be said to be in the exact same location only the perpetrators are different and in the past molotov cocktails were thrown at bolabali,harvnanda,Thu May 16 14:37:05 +0000 2024
it would be better for the media to stop giving explicit news like this because the current digital era is scary and the aim is for learning maybe they are the ones who are the perpetrators who are learning to kill maybe they are inspired by the media too,tadenthu,Thu May 16 14:35:26 +0000 2024
this means that the consequences of incest do not absolutely happen to all perpetrators and can be prevented by practicing safe sex if all the negative elements have been prevented so what are the reasons why atheists dont want to kiss their own mothers,ArdaChandra10,Thu May 16 14:34:53 +0000 2024
there is already a lot of evidence of the girls murderer,Amrizaldy511,Thu May 16 14:34:51 +0000 2024
yes the host said that 5 of the 8 perpetrators who were caught had strong alibis but they didnt even have a very strange crime scene location,Yagitudonk,Thu May 16 14:34:14 +0000 2024
the three perpetrators of the girls murder have not yet been arrested,ki_kirez65662,Thu May 16 14:33:50 +0000 2024
the cyber netizen team has moved to look for the perpetrator of the girls murder hopefully it will be revealed,Amrizaldy511,Thu May 16 14:33:24 +0000 2024
the perpetrator of the atm burglary was caught by the clever police this disease can take money from the atm but the balance doesnt decrease whats strange is how the bank system is easily hacked by criminals like this,KepaArgawinata7,Thu May 16 14:31:01 +0000 2024
roll it all up sir finish it off at least the perpetrator will feel the girls pain,3Vluzi,Thu May 16 14:30:18 +0000 2024
again and it happened again sadly of the 8 perpetrators of sexual abuse 4 of them were also minors and were students with their ages ranging from 14 to 16 years,J_D3pp,Thu May 16 14:30:06 +0000 2024
good job to the attorney general hopefully all the perpetrators can be revealed as soon as possible,Rinawulandaria,Thu May 16 14:29:55 +0000 2024
the snow happened to be quite high even though it was april haha its not clear in the morning my little girl was already driving a tractor cleaning the parking lot and yard because shes good at driving a tractor so i didnt join in because it was useless so i played ma asu in the back yard and found the rendang perpetrator in pic 4,tokotanX,Thu May 16 14:27:54 +0000 2024
arrested but i dont agree in my opinion pian only thinks that if you dont agree please argue why the perpetrator deserves to be fired from his job or if you have a reason that the perpetrator can be jailed please argue dont think that you dont agree agree with b,jawirisme,Thu May 16 14:24:22 +0000 2024
two things that are really good how can they not be caught in the rape article even though the sperm sample was on the victims body 2 pak surawan director of criminal investigation west java regional police there was no confession from the perpetrator who was caught so thats the reason why it wasnt linked to this article i was surprised to hear that,Yagitudonk,Thu May 16 14:22:16 +0000 2024
in the end what happened to the perpetrator and victim whether they were both fh ugm students,firman__nurhuda,Thu May 16 14:21:44 +0000 2024
the north jakarta metro police satreskrim criminal investigation unit succeeded in arresting 25 perpetrators of car tire theft which occurred in the parking lot of itc cempaka mas jakarta jakarta koja hospital north jakarta on tuesday 75th sunter,POLSEK_KOJA01,Thu May 16 14:21:40 +0000 2024
this is the chat content of the perpetrator in the the girl murder case in cirebon with the initial intention of rape being planned,democrazymedia,Thu May 16 14:20:00 +0000 2024
the ministry of maritime affairs and fisheries revealed that 254 actors in the maritime and fisheries sector were victims of the flash floods in west sumatra,VIVAcoid,Thu May 16 14:19:34 +0000 2024
the perpetrator is still proud and has no regrets and doesnt feel guilty,EchoDeReds,Thu May 16 14:05:33 +0000 2024
polda metro jaya has arrested the perpetrators of the robbery against a prospective national police noncommissioned officer student,kompascom,Thu May 16 14:05:07 +0000 2024
there are indications that the perpetrator is the child of an official,AndreantoY90600,Thu May 16 14:03:57 +0000 2024
assalamualiakum everyone im sorry for the family members because the meerkats are looking for the perpetrator in this video because its the same as islam or not well take it well in this video the victims brother is looking for the perpetrator in the video,HusainihassanH1,Thu May 16 14:03:54 +0000 2024
dont compare this sir the case of the late the girl is also worthy of attention considering that several of the perpetrators have still not been arrested and for palestine the indonesian government and society have made efforts to oppose colonialism and continue our struggle for justice for individuals and as a nation,mistery_zy,Thu May 16 14:03:21 +0000 2024
seconds police shoot dead the perpetrator of the robbery of a prospective police noncommissioned officer student in jakarta police officers arrest the perpetrator of the robbery of a prospective police noncommissioned officer student satrio 18 which occurred on jalan arjuna kebon orange west jakarta,tvOneNews,Thu May 16 14:03:08 +0000 2024
one of the perpetrators had strong backing,RK_Lamongan,Thu May 16 14:02:33 +0000 2024
asking about fugitives in the case of jurkani who advocates for illegal mining the two perpetrators are still at large or not sir,Rumbunisme,Thu May 16 14:01:58 +0000 2024
then the school said that the perpetrator had been asked and he didnt admit it,mataharitimoer,Thu May 16 14:00:12 +0000 2024
the arrogance of the authorities has spread to the department of transportation right from the start it was only itn and isilop who reported back using the ite article even though the perpetrators can also be charged using the thuggery article and then the victims place had their electricity removed so they couldnt sell its really arrogance,pinjemduluse100,Thu May 16 13:59:27 +0000 2024
just scolding perpetrators scolding,talkjaehyun,Thu May 16 13:58:25 +0000 2024
like yesterday i struggled with the victim knowing which one was joking and which one was on purpose even though the perpetrator denied it but if the tone is deaf then just tone deaf bro youll be cool with yourself,IslaFH,Thu May 16 13:58:12 +0000 2024
one perpetrator who stole a police chassis in west jakarta was shot dead by police,bukantamagoci,Thu May 16 13:58:12 +0000 2024
does bjorka know where the 3 perpetrators are hiding,MarlenStevanie,Thu May 16 13:49:51 +0000 2024
if you are having a relationship dont make a video it could be that the people closest to you will see a lot of it and it will go viral poor person who is a victim of the perpetrator who spread the word i hope you will be rewarded aminn,tututajao,Thu May 16 13:49:30 +0000 2024
restorative justice is an alternative approach that emphasizes the recovery of victims reintegration of perpetrators into society and collaborative conflict resolution,monologis_id,Thu May 16 13:48:41 +0000 2024
im sure this is the culprit,proteintelor,Thu May 16 13:47:41 +0000 2024
at least a sketch of sirs face when the perpetrator got so bad i didnt get an answer sir,HariyatiFe6835,Thu May 16 13:47:38 +0000 2024
indonesia is in a state of emergency with corruption and its top officials dont seem to care and have even become criminals,arifin34533,Thu May 16 13:47:33 +0000 2024
chronology of the nco chassis robbery the perpetrator followed the victim when it was quiet,20detik,Thu May 16 13:46:23 +0000 2024
this is really asking sis if im already at my level this is a high level of curiosity the term my child is curious is not for investigation to find out whether there is something wrong or not but it means i dont know what i think even though i am the perpetrator of the demonstration no offense because i really just found out about this information thanks,MustEkeph,Thu May 16 13:46:22 +0000 2024
the police reveal the fate of the perpetrators of the robbery of the national police nco student candidate satrio mukti 18 which occurred in west jakarta on saturday 115 one person was shot dead while two other perpetrators suffered gunshot wounds to the legs,kumparan,Thu May 16 13:45:44 +0000 2024
sis ichigo i really feel nauseous because i feel sad and guilty about what happened to samantha but im curious about how nathaniel was proven to be the perpetrator he asked beside him,LaksmiKuasa,Thu May 16 13:44:47 +0000 2024
the ministry of maritime affairs and fisheries is reviewing the allocation of bbl secured from smugglers to be distributed to cultivators rather than just released into the wild,detikfinance,Thu May 16 13:44:25 +0000 2024
the perpetrator of the barbaric robbery was sentenced to death in prison the perpetrator will not give up,jdorndana,Thu May 16 13:43:43 +0000 2024
i dont defend perpetrators of privacy violations i dont want to comment on mr pians opinion but im triggered by your failure to read,jawirisme,Thu May 16 13:43:27 +0000 2024
this is a serious violation but fortunately the perpetrator who moved the stairs was not fired either,SatyaPutra53806,Thu May 16 13:43:16 +0000 2024
10 perpetrators of fertilizer theft were arrested by the paser police three security guards were involved,JurnalSecurity,Thu May 16 13:43:04 +0000 2024
the question is where the perpetrator who has not been arrested is where his grave is,cuaqilxjaga,Thu May 16 13:42:58 +0000 2024
if the criminal investigation department intervenes it means that the lower level is not doing well there are indications that the 3 perpetrators were deliberately hidden on bail,JawisN,Thu May 16 13:24:58 +0000 2024
a verbal quarrel between neighbors ended in death the police finally arrested the perpetrator,Liputan861,Thu May 16 13:24:54 +0000 2024
thats why in my opinion we cant classify the caption above as touching sara because the caption here is only based on the perpetrators place of birth not his ethnicity,TrinaryHelix,Thu May 16 13:24:48 +0000 2024
in the girls film the deceased is made into a spirit figure the victims story is exploited all for the sake of the bestselling entertainment in our country the mysticism of the perpetrators crime is only used as a blanket for morality what happens is still a horror story that is sold which is done by a bastard writer,Salmonelans,Thu May 16 13:24:45 +0000 2024
you are the suspected perpetrator who made the house filled with tears tonight,Jennjenursun,Thu May 16 13:24:35 +0000 2024
with the film the girl the case finally ended again its a shame the victims family really hopes that the main perpetrator can be brought to justice maybe the film isnt right because its made into a horror i dont agree because the original the girl wasnt a horror but after seeing the film i understand what the family wants,initudinda,Thu May 16 13:24:15 +0000 2024
study history again bromasa pki indonesia has become independent there are no more wars the film is clearly different but the film the girl and g 30s pki sutagakranya wants to tell the audience who the perpetrators of this sadistic murder are and make history available to those who watch it,munthe_chanel,Thu May 16 13:24:06 +0000 2024
for 8 years 3 people are still at large 8 of the 11 perpetrators who have been processed should be able to continue to be pressed to get information about whether there are any obstacles during the 8 years in pursuing these 3 perpetrators,Bungfranks,Thu May 16 13:22:47 +0000 2024
and due to the fast work of netizens finally three people were suspected of being the perpetrators accounts in the internet mob,Vash0089,Thu May 16 13:22:44 +0000 2024
the ugly appearance of the perpetrator in the cirebon the girl case who escaped the death penalty confides in prison under heavy stress,AlienBali,Thu May 16 13:22:23 +0000 2024
has a homemade gun the perpetrator of the viral car robbery in tajur bogor was arrested after stealing a motorbike in tangerang,AlienBali,Thu May 16 13:22:19 +0000 2024
actually i brought up florida man because in the caption the coil was only a resident from madura only stating that the citizens origin is the same as florida man so the perpetrator was only born in madura and people born in madura are not always madurese cont,TrinaryHelix,Thu May 16 13:22:18 +0000 2024
cleaning the car from what it is its certain from all the crimes committed by the perpetrator after all which normal person carries cleaning fluid in the car and the other incriminating evidence is samanthas cell phone,daehveon,Thu May 16 13:20:52 +0000 2024
i want to ask because how many days does it usually take for the perpetrator to be called by the police,ismail_kra,Thu May 16 13:20:33 +0000 2024
the sad story of the number of pesugihan pa1 horror stories the mystery of sandra dewi the courage of daniel caesar to pass by,xridiculouzx,Thu May 16 13:19:42 +0000 2024
fugitive from 2016 to 2024 its a lie that the family doesnt know where the netizen perpetrator went but yesterday it was someones fault,Minang_cyber,Thu May 16 13:19:19 +0000 2024
take a breath then exhale again chel calm yourself first because this is a really serious case nathaniel is proven to have committed a crime from various pieces of evidence that incriminate him as the perpetrator because the victims friends gave testimony,daehveon,Thu May 16 13:18:24 +0000 2024
i remember during this time that the family was allowed to come in and out when it reached this stage was it a human being who was the perpetrator,ilhambestari,Thu May 16 13:18:18 +0000 2024
if it wasnt made into a film how could this case go viral again and with the virality of this film it would bring about a new round of arrests of fugitive perpetrators,AgusLiman71725,Thu May 16 13:18:00 +0000 2024
what happened to the perpetrator who set fire to a buddhist house in lombok,jelasbukanonta,Thu May 16 13:11:40 +0000 2024
im itching to cut off the penis of the perpetrator of sexual harassment,chocoamilktea,Thu May 16 13:10:17 +0000 2024
my coworkers friend had a case like this but the perpetrator was different in short my coworker shared that his friend asked for money from a guy he met on the app and after we investigated it turned out the guy was a fraud using photos and videos of thai people he had been around for 6 months,IvandJuliand,Thu May 16 13:08:48 +0000 2024
yes i said that the 2 2 must have intelligence perpetrator 1 witness 1,moseolas,Thu May 16 13:08:21 +0000 2024
the perpetrator abused the victim because he was hurt that his child had been treated badly had it been reported and not processed because there are so many children of arrogant officials who feel they are above the law,aturart,Thu May 16 13:08:05 +0000 2024
there is a photo on the right wearing a blue shirt of the perpetrator throwing clothes at the family concert hahaha,lovesomatcha2,Thu May 16 13:07:42 +0000 2024
central java tourism actors reject ban on allowing private school study tours,IDNTimesJateng,Thu May 16 13:07:22 +0000 2024
rivi believes the main perpetrator is ko liam and the perpetrators friend is ko milo,yasatse,Thu May 16 13:07:16 +0000 2024
whats true is mr rudianas son named eky the deceased and eky this is the girlfriend of the late the girl then the brain of the perpetrator named Man alias rian prayoga alias dani is being sought thats what he said the brain of this perpetrator named Man is from a resident of banjarwagunan,Yurissa_Samosir,Thu May 16 13:07:15 +0000 2024
im not the perpetrators buzzer,mdnightsummer,Thu May 16 13:05:44 +0000 2024
my father asked me not to be careless with continuous updates so i wont update for the time being and pray for the perpetrator to be caught,keepcipritttt,Thu May 16 13:04:36 +0000 2024
thats why by adding social media to this film hopefully it will make the perpetrators more uneasy about living even though they are still alive,robah_225,Thu May 16 13:04:21 +0000 2024
stole the tires of a parked car two perpetrators were arrested by the police,Kilas_berita_,Thu May 16 13:04:07 +0000 2024
south tangerang polices drug investigation unit arrested three perpetrators suspected of producing and distributing synthetic tobacco drugs,indozonemedia,Thu May 16 13:03:20 +0000 2024
in those days the arrogant people were really arrogant if many indonesian fans were blocked when they wanted to buy tickets they were like rioters,biasmemilihaku,Thu May 16 12:54:45 +0000 2024
murder by a child based on the results of the examination of the 13 year old perpetrator who was determined to kill his ustadzah with the initials stn 35 out of revenge because he was punished by being dried in the hot sun,bambang314,Thu May 16 12:54:43 +0000 2024
there are a lot of songs even namjoon has heard some of taes songs and said that they are good its really sad and i hope that the perpetrators will be dealt with as severely as possible not only because they caused psychological problems to producer kim but they also committed fraud against taegi,7dayswithjk,Thu May 16 12:53:36 +0000 2024
perpetrators of baby dumping due to promiscuity teeth eh hihi,MirasBudi,Thu May 16 12:53:15 +0000 2024
the perpetrator is cute,gulasumsel,Thu May 16 12:53:06 +0000 2024
i hope the polices job of chasing these criminals goes smoothly and is successful oh yes dont forget the role of police officers who are suspected of being the perpetrators of obstructing the investigation in the jalancagak subang murder case,fideldapati,Thu May 16 12:53:02 +0000 2024
those of you who are still asking power about what film you are seeing are showing several of the perpetrators of the girls murder who havent been punished yet and are just looking for the girls film before 7 days of broadcast even though it happened in 2016,rajwanaisa,Thu May 16 12:52:30 +0000 2024
youre also rude jink told the victim to just marry the perpetrator thats really rude stupid block especially those who say that autism is rude naudzubillah people wont take care of you and be rude to you if you dont light the fire mirroring yourself first asshole,2lov3lyz,Thu May 16 12:52:12 +0000 2024
the girls spirit reveals the secret of death and the perpetrator is backed by the police,indra_alaska,Thu May 16 12:51:28 +0000 2024
yes you deserve to be insulted from the start even i cant be rude enough you still defend the criminals who clearly have clear evidence even you yourself blame the victims youre so strange you just make people emotional with your inconsequential opinions,cheezucakein,Thu May 16 12:50:43 +0000 2024
if the perpetrator is caught it will make history if the devil can be trusted,tampakloyo,Thu May 16 12:50:41 +0000 2024
i dont know either bro he said this perpetrator actually had a problem with pkbh fh then the perpetrator was speeding in a car and wanted to hit one of the pkb part timers so he then ran all the way to building 4 and thats where he was caught by the lecturer finally he called the police and has now been arrested hahaha,xenixerous,Thu May 16 12:49:42 +0000 2024
ipw chairman regarding the three perpetrators of the girls murder who are still at large should not be difficult eight years have passed but 3 of the 11 suspects in the sadistic murder case of the girl and her lover in cirebon west java have not yet been discovered,tvOneNews,Thu May 16 12:49:34 +0000 2024
the perpetrator of the messy room has been arrested,kukistory,Thu May 16 12:49:12 +0000 2024
im really sad when i see a little childs head there its empty theres nothing left only the shell and face are shady because it broke in the israeli attack please keep boycott who is affiliated with the perpetrators of genocide,Nadyaaa011,Thu May 16 12:49:10 +0000 2024
the obligation to certify halal mse products has been postponed to 2026 to protect business actors,VIVAcoid,Thu May 16 12:49:06 +0000 2024
who is the real perpetrator he said this is the perpetrator of corruption,in_makiy,Thu May 16 12:38:51 +0000 2024
it is true that many msmes complain that their purchasing power has decreased drastically,cinggaro,Thu May 16 12:38:37 +0000 2024
a man from the village of cipaku mrebet probolinggo stabbed his brotherinlaw to death 160524 this started when the perpetrators child cried and was reprimanded by the victim the perpetrators wife didnt accept it then slapped the victim the victim hit back then the perpetrators wife reported it to her husband there was a stabbing,DaddyMinusSugar,Thu May 16 12:37:58 +0000 2024
the perpetrator is noon,yuhhamin,Thu May 16 12:37:48 +0000 2024
ask for forgiveness from allah after that why does it take time for forgiveness from humans to be a perpetrator its not good to be a victim,rzq_mrna,Thu May 16 12:36:59 +0000 2024
are you the perpetrator too ask adi,anaknyamamatjoa,Thu May 16 12:36:29 +0000 2024
theres no need for journalists to cover it if only 1 of the perpetrators has been caught in the past you can still investigate the information from him but you cant unless its never been investigated and tried fairly,ylzarayup,Thu May 16 12:35:39 +0000 2024
did you know that many victims end up injured and traumatized because they dont have the courage to speak up and fight back lets fight back and report the perpetrators of violence in the office dont let people like this happen,nona_melinda_,Thu May 16 12:35:30 +0000 2024
hahaha no wonder indonesian netz who commit sexual assault are still considered gods,isvereux,Thu May 16 12:33:44 +0000 2024
it is suspected that the middleaged woman was burned by the perpetrator and is at large,MataTelinga,Thu May 16 12:33:22 +0000 2024
i used to be a team that kept quiet and didnt dare to speak up at the beginning until finally i dared to fight so that the perpetrators wouldnt do whatever they wanted because the more we kept quiet the more it would continue and run rampant,nona_melinda_,Thu May 16 12:33:20 +0000 2024
illegal logging gang in ngawi forest dismantled 3 perpetrators arrested 5 fugitives,soloposdotcom,Thu May 16 12:32:07 +0000 2024
the perpetrator of the shooting of the rose team against the prabowo government,fransis74201222,Thu May 16 12:32:03 +0000 2024
its cool that the attorney generals office is very active all perpetrators must be held accountable,firaamaliaasya,Thu May 16 12:30:39 +0000 2024
it went viral that residents houses were sprinkled with goat feces the figure of the perpetrator is still mysterious,tribunjateng,Thu May 16 12:30:21 +0000 2024
whos her friend who said shes upset with anjirs sister even though she already has a boyfriend what are you doing with your criminals apart from hooking up youre also happy,cheezucakein,Thu May 16 12:30:16 +0000 2024
the main perpetrator of the nco chassis robbery was shot dead because he resisted arrest,20detik,Thu May 16 12:28:40 +0000 2024
the barbaric zionist israeli perpetrators and their supporters will soon face an immeasurably grievous punishment,kang_nana65,Thu May 16 12:28:15 +0000 2024
thank you sir for hiding the perpetrators of such a heinous case thats really cool,ilangrasa_,Thu May 16 12:27:40 +0000 2024
if i find the perpetrator ill immediately break his head if the law doesnt intervene immediately well look for it ourselves how long has this been going on theres no peace,NasrilMendrofa,Thu May 16 12:26:38 +0000 2024
the person who was hiding turned out to be the one cheating and protecting each others faces,strawbeeryyyyyy,Thu May 16 12:26:17 +0000 2024
the perpetrator of the robbery should have been sentenced to 50 years in prison without remission which seems to be enough,kelennaay2,Thu May 16 12:25:47 +0000 2024
the famous lawyer hotman paris hutapea also intervened after this case caught his attention because 8 years 3 perpetrators are still at large viral2024fyp,PanenMediaID,Thu May 16 12:24:15 +0000 2024
if mr anies advances again in dki gangs of criminals will be free to roam around looking for prey in various areas while mr anies can only go here and there in the dki area moreover one day mr anies will pay respect to the perpetrators of crimes against democracy and the constitution,jupriadimz7,Thu May 16 12:23:43 +0000 2024
hello bro ive been scammed coincidentally the perpetrators twitter account is still there claiming to be customer care from the jne courier my account balance has been transferred to the perpetrators digital fund account the perpetrators fund number is 082279278978 ive also attached a screen shot of the chat with the perpetrator,jes_oshii,Thu May 16 12:22:49 +0000 2024
the spirit who has a voice similar to the girl admitted that he would look for the perpetrators but was forbidden by the family,Dreamcoid,Thu May 16 12:22:06 +0000 2024
yes there can be people as stupid as this hahaha they can stand up for their fellow people but they dont know the point of the problem or if they are just pure stupid with the same 11 12 behavior as the perpetrator,yeriana55,Thu May 16 12:21:56 +0000 2024
the girls spirit threatens the police to arrest 3 other perpetrators if they cant find them let me come,Gustafhamonang1,Thu May 16 12:20:42 +0000 2024
because i dont know anything am a victim of terror from the victims of the real perpetrators i just hope that all of this can be finished well its clear that no other party will be harmed anymore if there really is a real perpetrator i hope he gets the reward he deserves,moon_sera11,Thu May 16 12:20:26 +0000 2024
if aampd individuals distort the facts accuse me of being a fraud or whatever i have chronological evidence of digital traces that show i am a victim of terror likewise if aampd individuals are victims of perpetrators who use my data i also have evidence that my data was misused,moon_sera11,Thu May 16 12:20:25 +0000 2024
remember the bombers in surabaya were mothers and children no need to be surprised,helenr1903,Thu May 16 12:19:51 +0000 2024
the attorney general is working hard hopefully all the perpetrators will be caught,rizkiaalamsyah,Thu May 16 12:19:26 +0000 2024
the premise of a sexual harassment case that was ignored by the authorities which had gone through several processes and petitions made joanna moved to protect and seek justice for the perpetrators victim who was the child of one of the states top officials complicating the situation,Rannotmouri,Thu May 16 12:19:05 +0000 2024
the perpetrator also watched,teokjinnie,Thu May 16 12:17:36 +0000 2024
perpetrators of sex outside of marriage must be defending each other,dudusiwalandu,Thu May 16 12:17:26 +0000 2024
those of you who watch in the cinema dont need to criticize the perpetrators if you still give money to those who exploit the case its really stupid,heatstrokedv8,Thu May 16 12:17:12 +0000 2024
please go viral min the perpetrator of vcs or pornography spread it until his family knows about this and it goes viral on all social media,BamaMuhamm67185,Thu May 16 12:15:19 +0000 2024
if he avoids it again he doesnt know what will happen while he only has a short time left his goal is not to avoid the incident but to catch the perpetrator and keep sunjae away from that one psychopath and cat shit,mayteuxbliss,Thu May 16 12:14:45 +0000 2024
video bireuen police arrest five perpetrators of stealing two husband and wife from riau,sekilasaceh,Thu May 16 12:14:41 +0000 2024
the bandung police criminal investigation unit carried out an autopsy by first dismantling the grave of the victim of the abuse in fact this incident happened almost two months ago but it has become a concern again because of the abuse carried out by two perpetrators,pikiran_rakyat,Thu May 16 12:14:17 +0000 2024
spa knows that bpk is an intelligence agent who is disguised as gojek to find the perpetrator,Pudinwss,Thu May 16 12:14:08 +0000 2024
will not stop being vocal until the perpetrator apologizes,iarosorona,Thu May 16 12:13:25 +0000 2024
i wish there was a shaman who blackmails the perpetrators of corruption hes really excited about corruption cases if possible the shaman would blackmail the corruptors,wull82960048,Thu May 16 12:12:29 +0000 2024
west java regional police denied that one of the three murder suspects was not a member of the polices family,radarmadiunweb,Thu May 16 12:12:24 +0000 2024
full support for the attorney generals office all perpetrators of corruption must be held accountable,yasminezhr_,Thu May 16 12:12:01 +0000 2024
those who have photos of the perpetrators share them again to avoid goats,Tom_Alan4,Thu May 16 12:11:59 +0000 2024
all their assets are confiscated then all the perpetrators who are found guilty are sentenced to death like in vietnam if you dare to just sambo you are sentenced to death then the appeal is reduced to life imprisonment,ariza8888,Thu May 16 12:11:50 +0000 2024
who knows maybe the 3 jamets were the main perpetrators thats why they never met,lula_bee29,Thu May 16 12:09:42 +0000 2024
dongo super dongo human so what do you mean by the perpetrators of any crime cant be beaten by a mob thats okay okay but 99 perpetrators of pedophilia and sexual immorality are still beaten by other inmates while in prison in fact in many cases the guards die in prison,Raven______Claw,Thu May 16 12:09:36 +0000 2024
  thats serious be careful the perpetrator is around us,thelarosa,Thu May 16 12:09:09 +0000 2024
pm slovakia who is prorussian was shot at close range 5 times today in a coma the perpetrator was arrested,warriorReborn1,Thu May 16 12:08:57 +0000 2024
the stab wound suffered by noven was 22 cm deep and 3 cm wide an investigation was carried out to identify the perpetrators face which was caught blurry on cctv the fbi was even involved in solving the identity of the man who killed him,eradotid,Thu May 16 12:00:11 +0000 2024
not bcs the perpetrator has been arrested or not but the genre oh man,ana_daskw,Thu May 16 11:59:24 +0000 2024
the intention is to help the victim and the perpetrator guy thats all dick,NotYourNamesOne,Thu May 16 11:58:03 +0000 2024
thank you bro for the information we need to convey that to update the case 5 of the perpetrators have been arrested and the victims have received treatment and now their condition is starting to improve greetings precision,Resjakbar,Thu May 16 11:56:40 +0000 2024
5 noven smk bogor andariiana yubella noven cahya 18 students were found dead and covered in blood in an alley in baranangsiang bogor city west java on january 7 2019 like the girl until now the arrest of the noven perpetrator has still not been resolved,eradotid,Thu May 16 11:56:40 +0000 2024
silent treatment perpetrators are supported for at least 6 months,donatgularen,Thu May 16 11:56:38 +0000 2024
in the cirebon the girl case the national police criminal investigation unit intervened to deploy a hunting team for 3 fugitive perpetrators,KompasTV,Thu May 16 11:56:14 +0000 2024
the perpetrators illegally accessed the telkom network to serve their own customers from july 2022 to april 2023 with an estimated loss of idr 1 3 billion,humaspolresmtr,Thu May 16 11:55:18 +0000 2024
in a fight with the police one of the perpetrators of the police chassis robbery was shot dead,CNNIndonesia,Thu May 16 11:54:12 +0000 2024
lampung the majority of perpetrators of violence do you think that every time there is news like this you always just ask lampung lampung dont be blasphemed,ayaws__,Thu May 16 11:53:45 +0000 2024
the girls family even said that someone came to her house to warn her that shooting the girls film should stop now hotman paris has visited the victims family to help handle this case so that the three perpetrators who have not been caught can be hunted more aggressively,eradotid,Thu May 16 11:52:51 +0000 2024
however the 3 perpetrators aka the main perpetrators are still at large since 2016 until now 8 years have passed the seriousness of the police investigating this case is being questioned video muslikhul afif,eradotid,Thu May 16 11:52:50 +0000 2024
based on the results of temporary data collection by the people as of 16 may 2024 at 0800 wib the main perpetrators of the victims affected by the west sumatra disaster were 254 people in 5 regencies,bppsdm_kp,Thu May 16 11:52:41 +0000 2024
they put eki and the girls bodies and their motorbike on the keppongan bridge in fact this case didnt really end a total of 11 perpetrators 8 were arrested 7 were sentenced to life imprisonment and 1 was jailed for 8 years because he was still a minor,eradotid,Thu May 16 11:52:40 +0000 2024
video of drug factory case in bali 4 perpetrators arrested,Beritasatu,Thu May 16 11:52:10 +0000 2024
maybe you want to write a sentence of apology for the perpetrators who were involved in bribery and then make a video of it and then its like that until the 100th world war,EdoSilo,Thu May 16 11:51:21 +0000 2024
great and i hope the perpetrators can immediately be held accountable for their behavior and be punished fairly according to their actions bravo police even though they have to wait 8 years and it goes viral first,AinurrRachmann,Thu May 16 11:51:17 +0000 2024
the people are behind on the news i just want to ask if the friends who were arrested dont want to talk about who the perpetrators were,Sucipto42361138,Thu May 16 11:51:03 +0000 2024
the police succeeded in arresting the perpetrator of the robbery of the national police nco candidate with the initials smr on jalan arjuna kebon jeruk central jakarta saturday 1152,inilahdotcom,Thu May 16 11:48:09 +0000 2024
it looks like this account is one of the perpetrators who has not been caught,gakngasihnama,Thu May 16 11:48:03 +0000 2024
4th perpetrator version of the arko ys account post on 28 august 2016 the girl incident on 27 august 2016 at 22 00 wib cnn if its true they are the perpetrators that means they are psychopaths,bang_aim600,Thu May 16 11:47:28 +0000 2024
the location of the murder of sdis the girl and her lover eky in cirebon is back in the spotlight eight years later the murder case known as the girl cirebon is also being reviewed again because 3 of the 11 perpetrators of the girls cirebon murder are still at large see full video,tvOneNews,Thu May 16 11:47:13 +0000 2024
one perpetrator died because he resisted the jatanras officer said the deputy chief of criminal investigation at polda metro jaya akbp imam yulisdianto,antaranews,Thu May 16 11:46:44 +0000 2024
maybe the driver or perpetrator saw samantha who was drunk so it was an opportunity to carry out the action hmm is that true or not but instead of guessing lets just move on to the next segment,daehveon,Thu May 16 11:46:36 +0000 2024
if it is not related to something risky there is no way the perpetrators face cannot be released to the public the west java police will release it to the dpo so that the public knows and helps catch him dont be afraid of the west java regional police,MarojahanT,Thu May 16 11:46:17 +0000 2024
3 people on the run face the perpetrators of the murder of the girl cirebon the sad story of the mother not being able to see the childs body pass by,tribunkaltim,Thu May 16 11:45:31 +0000 2024
the fake account creates a narrative as if the real perpetrator and tiktok residents believe it and are blaspheming it resulting in engagement for the account more or less the same as netizens blaspheming the afc referees account,dendyirawann,Thu May 16 11:45:20 +0000 2024
its cool that the attorney generals office continues to pursue all perpetrators of corruption to the roots,clarissalyaa,Thu May 16 11:44:36 +0000 2024
arrest the perpetrator who has not been arrested and flee to jakarta and then be beaten,miekosakai69,Thu May 16 11:43:34 +0000 2024
read the reply mother and baby are safe the hit and run perpetrator was punished but the sequel is  ,ecaesarp,Thu May 16 11:43:25 +0000 2024
whats really scary about cases like this is how scary it is just because you do something good youre confused about whether youre going to be bad you can do something wrong you can do something wrong huhuhu i hope your brother is always in gods protection and the perpetrator quickly gets professional help,L_apsari,Thu May 16 11:43:13 +0000 2024
the national police criminal investigation unit has gone down they will definitely be arrested just wait for justice to come amen but the family of the perpetrator who terrorized the victims family should also be arrested,HuoYuanjiaFans,Thu May 16 11:42:50 +0000 2024
the government is trying to optimize market access for msmes,DedroinT37173,Thu May 16 11:42:50 +0000 2024
south tangerang tangsel police arrested three people who were dealers and producers of synthetic tobacco narcotics in the treepark apartment,inilahdotcom,Thu May 16 11:42:35 +0000 2024
ive already transferred money to this bastard i only found out this afternoon exactly at 6 this afternoon my emotions exploded especially when i opened my cellphone and went straight to the chat on whatsapp of the perpetrator of the bastard mom i still dont realize that this is a scam,criminalmistake,Thu May 16 11:41:29 +0000 2024
in indonesia there are no criminal profilers what should they be able to do to help whats more the name of the perpetrator has been discovered to be very strange,enicmat,Thu May 16 11:41:25 +0000 2024
the west java regional police in the girls case never seriously looked for the perpetrators of her murder after 8 years they havent been caught indeed the perpetrators dont have any family so they cant ask about the case in sulawesi the perpetrator was arrested in jakarta,MarojahanT,Thu May 16 11:41:19 +0000 2024
if you think about it there are definitely a lot of people who have experienced harassment in the office but dont dare to speak up it could be because the perpetrator is a powerful figure or the victim feels alone and is starting to be sensitive to those around us,mula_putra,Thu May 16 11:40:41 +0000 2024
unpar lecturer suspended due to alleged sexual violence womens activists hope that heavy administrative sanctions in the form of dismissal will be imposed on the perpetrators as a step to end impunity,BBCIndonesia,Thu May 16 11:40:02 +0000 2024
online taxi driver steals doctors car tires at koja hospital perpetrator arrested,kumparan,Thu May 16 11:39:10 +0000 2024
isolops performance was inferior to netizens who didnt take long to find out who the culprit was hahaha,raden_masneji,Thu May 16 11:38:41 +0000 2024
hundreds of msmes in the city of bogor join msmes in upgrading,KoranMandalaCom,Thu May 16 11:37:14 +0000 2024
gempol police uncovered the perpetrators lottery gambling practice in palimanan subdistrict and the evidence was secured,KoranMandalaCom,Thu May 16 11:37:10 +0000 2024
with synergy with other law enforcement officers almost 1 million bbl will be saved from smugglers in 2024,kkpgoid,Thu May 16 11:35:34 +0000 2024
kkp together once again synergizes to eradicate the practice of smuggling clear bbl lobster seeds a total of 277 800 bbl fish have been successfully secured from smugglers in jambi,kkpgoid,Thu May 16 11:35:17 +0000 2024
as a layman i want to ask is gibran becoming vice presidential candidate because the court passed him is it haram or halal amins partner accused pragib of systematic cheating is what pragib did halalharam what is the law regarding allying with cheaters please answer,AllahDwi67899,Thu May 16 11:34:48 +0000 2024
three of the five perpetrators who stole cars belonging to teenagers in the city of bogor haigel nusa anggara on monday 22 april 2024 were successfully arrested resulting in the victim suffering serious injuries one of the perpetrators was forced to be given a hot lead for fighting with officers the two suspects,RadioElshinta,Thu May 16 11:33:47 +0000 2024
mjb bro how come the punishment could be lighter yes if you want to punish the perpetrator you have to look at whether the victim is still a virgin no i just found out this is serious,sawtourue,Thu May 16 11:33:20 +0000 2024
there are many perpetrators,sexieyt,Thu May 16 11:32:10 +0000 2024
you are the victim or perpetrator or someone around you,outIiners,Thu May 16 11:30:14 +0000 2024
the perpetrators number has been blocked what a stupid dog just look at it your life wont be peaceful,sapihujannn,Thu May 16 11:30:02 +0000 2024
this is the confession of the 8 perpetrators of the the girl murder case in cirebon the reason why 3 of the fugitives are still at large is still at large,tribunnewswiki,Thu May 16 11:30:00 +0000 2024
free legal assistance for smes,RambeLawFirm,Thu May 16 11:29:49 +0000 2024
once it was bitten by the claws of the perpetrators photo,tiikaaana,Thu May 16 11:29:48 +0000 2024
hollow worship is also not a parameter that his faith is low he is far from god there are those who appear to worship often but being a ks practitioner your fortunes are also different bro you and him are not the same person you have your own challenges he is the same next how high are your expectations,lenta_reader,Thu May 16 11:29:04 +0000 2024
come on sir we can catch all the perpetrators,EzzaPahlepi,Thu May 16 11:28:22 +0000 2024
yes it is better to investigate until all the perpetrators are caught,obliviction,Thu May 16 11:28:10 +0000 2024
keep watching you have to catch these damn perpetrators,leeseehan69,Thu May 16 11:26:07 +0000 2024
and for the past 8 years youve been making videos with authorities like the police etc where did the perpetrator disappear youre a fool youre a dog,andrisimb11,Thu May 16 11:25:34 +0000 2024
to support this ojk also encourages business actors in the maritime industry to collaborate with the financial services industry to increase working capital,ojkindonesia,Thu May 16 11:25:05 +0000 2024
just try it you were stalked by a frik girl for 10 years until she dared to harass you and sent her a photo of your genitals a photo of you being stabbed by the perpetrator and now you still think its funny heh its scary to know that in japanese south korea its already a criminal act oh no,kcnpcy,Thu May 16 11:14:14 +0000 2024
no one escapes the supervision of the attorney generals office hopefully all the perpetrators can be revealed,rizkiialamsyahh,Thu May 16 11:12:44 +0000 2024
thats the difference if you dont feel it if you just talk its easy its really easy to try your parents your child like that theyre set up to be raped etc do you just accept that if you dont want to live the rest of your life well go after the perpetrator whatever means well take lol,bocilcicil,Thu May 16 11:11:48 +0000 2024
polda metro jaya revealed the role of the five perpetrators of robbing prospective police noncommissioned officer chassis students in kebon jeruk west jakarta some time ago,indozonemedia,Thu May 16 11:10:40 +0000 2024
hotman paris intervenes in the the girl cirebon case what will happen will the 3 dpo perpetrators be caught soon,akuratco,Thu May 16 11:10:25 +0000 2024
some of the perpetrators wore white and gray uniforms and are now being hunted by the police,kumparan,Thu May 16 11:10:18 +0000 2024
then yesterday there was a case of ks at one of the universities that i caught the handling was not responsive and the perpetrator of the ks was free from punishment from our tuition money we should be able to get guarantees to be able to study comfortably and safely right,tcndrar,Thu May 16 11:09:49 +0000 2024
smith doesnt want to be transported either even though its very clear that he claims to be the family of the main perpetrator,Noelfxy75,Thu May 16 11:08:40 +0000 2024
if you dont get the disease you will become a victim of a sexual crime,jikajik7,Thu May 16 11:08:34 +0000 2024
the attorney generals office must be firm that all perpetrators must be pursued until they are caught,qowiabdulkk,Thu May 16 11:08:04 +0000 2024
its easy to believe when you feel comfortable with people plus at that time my friend was still motion sick he was tired and dizzy i dont know ive been waiting for hours but the perpetrator didnt come back until finally my friend called his friend to pick him up,RhaJr4,Thu May 16 11:07:26 +0000 2024
four people have been jailed the police are still hunting for the two perpetrators of the viral robbery in tajur bogor,Tribun_Bogor,Thu May 16 11:07:17 +0000 2024
hopefully this case can be resolved soon and the perpetrator can be found soon,NadiaAshil94938,Thu May 16 11:07:08 +0000 2024
if you are the perpetrator you feel like you are a tiger it is your turn to be a victim and you will immediately become a cat,TutupetD,Thu May 16 11:06:53 +0000 2024
salmon shipper sarcastic shipper blasphemer dont call the perpetrators any more but haters masked as fans,mindanyaa,Thu May 16 11:06:34 +0000 2024
the escape of the three perpetrators of the murder and rape of the girl in cirebon west java eight years ago seems to be coming to an end,indozonemedia,Thu May 16 11:06:32 +0000 2024
revealed the case of the palangkaraya police chief anirat who took revenge because he was punished twice for breaking the rules,PolresPalangka,Thu May 16 11:05:53 +0000 2024
peeing up to 3 million in a public toilet just 2 thousand maybe even free maybe peeing in a nice package the good thing is that the perpetrators of corruption are naked around the city so that there is a deterrent effect and a lesson for others hopefully the other perpetrators will quickly follow,Ilhamtob,Thu May 16 11:04:17 +0000 2024
because it really doesnt make sense that a policemans son was brutally murdered but instead he kept quiet he must have been furious the three of them must have been really searched thats why its tough because theyre already met im also curious about the family of the perpetrator of the egi no one really spoke up,Dewiino24,Thu May 16 11:04:08 +0000 2024
then they didnt stay overnight after that my friend asked me to relax at a nearby cafe but it turned out that the cafe didnt provide cash payments so here the perpetrator started to act by borrowing my friends motorbike to top up the balance he said my friend said yes because it was my friend,RhaJr4,Thu May 16 11:04:02 +0000 2024
if you dont have money dont expect to get justice in my personal experience the police even protect criminals and law breakers this is the same as protecting crime,TiurWahyuni,Thu May 16 11:03:37 +0000 2024
this is the role of the 5 perpetrators who robbed the chassis of a national police noncommissioned officer until their fingers were broken,officialinews_,Thu May 16 11:03:35 +0000 2024
the perpetrators father was previously killed because he was accused of black magic in 1999 when the perpetrator was 2 years old,Muhamadnur98750,Thu May 16 11:03:25 +0000 2024
this incident started when the perpetrators child cried and was reprimanded by the victim the perpetrators wife didnt accept it then slapped the victim the victim hit back then the perpetrators wife reported it to her husband so the stabbing occurred,mindaart,Thu May 16 11:03:22 +0000 2024
a video showing a motorbike driver in sleman in yogyakarta allegedly drunk and hitting a student has gone viral on social media the perpetrator has been arrested,kompascom,Thu May 16 11:03:08 +0000 2024
its the same as the seller of wifi vouchers he buys wifi networks and then commercializes them to sell vouchers is that illegal there are a lot of business actors like this you know,caraca230504,Thu May 16 11:01:42 +0000 2024
boyolali tourism actors have asked the central java education and culture department to review the ban on study tours,soloposdotcom,Thu May 16 11:01:36 +0000 2024
if you want to open a massage shop a bodariek shop and a wine shop all of them have deposits made to state institutions other than ngos if you dont believe it just ask the business person to ensure they are safe and prosperous but for small smes like this its really messy,barraa_el34941,Thu May 16 11:01:31 +0000 2024
is it true that the perpetrators who have been arrested dont know the three perpetrators who are still in custody,Dicky_Wijaya08,Thu May 16 11:01:29 +0000 2024
there is no news yet about the indonesian airline group especially the perpetrators of the duopoly,panjiakbarp,Thu May 16 11:00:54 +0000 2024
sis you were really strong in dealing with that crazy person for 10 years i cant imagine how traumatized you were i hope the family in question has the good will to deter the perpetrator hopefully it will pass soon sis thank you for being strong,hifulsun,Thu May 16 11:00:51 +0000 2024
sis ive been in your position for 1314 years thank god if i hadnt had sexual assault i cant imagine what it would be like sis i would have tried every approach and tried to stop the perpetrator because i would have been so tired of dealing with him that i would have gotten annoyed and would have run out of ideas to make him stay away and stop,myshinkies,Thu May 16 10:59:56 +0000 2024
the perpetrators of violence and anarchy in europe are dominated by adherents of peaceful religions he said,Qurni48,Thu May 16 10:59:44 +0000 2024
we fully support the attorney generals office hopefully all the perpetrators will be revealed soon,DikaPermad,Thu May 16 10:59:22 +0000 2024
police arrest 5 perpetrators of the chassis theft of national police noncommissioned officers with roles ranging from jockey to executioner,KompasTV,Thu May 16 10:59:15 +0000 2024
even the boss of the owner must have known that kkn was the perpetrator since he served as regional head in south sulawesi,rmiryanti,Thu May 16 10:56:43 +0000 2024
sis this is very similar to the baby reindeer series and its also taken from the original story of sutagakra or the author i forgot try watching it bro who knows you can follow the actors method so you can escape from the perpetrator,anothermiiiiii,Thu May 16 10:56:35 +0000 2024
youve already disturbed people you dont need to tell the narrative that youre the victim youre the perpetrator youre the one whos upset yourself but instead youre bothering people until youre crazy for 10 years,YunaChoiGFRD,Thu May 16 10:56:05 +0000 2024
crazy please Mans cousin was also arrested on suspicion of protecting the perpetrator because the person concerned knew that if his cousin had committed murder he could be caught really jamet subdistrict police maybe he wouldnt be caught he would be called stupid and angry,UnnaMairraa,Thu May 16 10:55:55 +0000 2024
  sooner or later there will emerge why are heroes who oversleep like cases that have been going on for a long time many people defend their actions the perpetrators then turn around to bully the victims and many other things,nam_anammm,Thu May 16 10:55:50 +0000 2024
i really hope the perpetrator can be detected quickly after 8 years the police cant solve this case yes in cirebon no one knows egis face in this sophisticated era the perpetrator doesnt use social media at all he said egi is the son of an official is it possible that the police were bribed,ksoolup12,Thu May 16 10:55:48 +0000 2024
please blackmail the 3 perpetrators of the girls murder can you do it with netanyahu too thank you,premedievaltask,Thu May 16 10:54:44 +0000 2024
well when i got off the ship it was already nearing evening and the perpetrator offered to stay at an inn first because my friend was also tired and dizzy from the long journey on the ship he wanted to be invited by the perpetrator but the inn only accepted at an hour,RhaJr4,Thu May 16 10:51:21 +0000 2024
scrollingf or indonesian government news immediately thinking hopefully the leaders policy makers and policy actors in indonesia will open their hearts and clear minds for a golden indonesia 2045 so that the reckoning in the afterlife will be smooth and safe and prosperous indonesia will be free,bellaaprimanti,Thu May 16 10:49:10 +0000 2024
of all the riots that occurred dont call the perpetrators any more but just call them haters haters masked as fans but in reality they are fans fighting and character assassination,tri3am,Thu May 16 10:49:01 +0000 2024
the district jamet model like this is very difficult for the guards to catch but the perpetrators who have a lot of money can bribe the police with a model like that they wont get a jink,violienrilenie,Thu May 16 10:47:24 +0000 2024
the 3 dpo perpetrators are suspected to be children of officials from the girls older sister from recordings on my sisters cell phone,Beritasatu,Thu May 16 10:46:37 +0000 2024
student in sleman was beaten on his way to school police said the perpetrator had been arrested via,masdhafm,Thu May 16 10:46:37 +0000 2024
even though during his lifetime he held political office his conscience acted more than that he glorified his creator by ignoring the political costs he had to pay for the sake of humanity and his conscience we love you opa rudy,kkpunasional,Thu May 16 10:46:09 +0000 2024
the police have sentenced two perpetrators of murder in the pamulang residential area south tangerang fa 23 is the direct murderer who stabbed his uncle the owner of a madura shop while na 28 is an associate of fa,AboutTNG,Thu May 16 10:45:53 +0000 2024
theft at the mrp papua mountains office was carried out by members of the pp satpol thursday 16 may 2024,jerrykogoya5,Thu May 16 10:45:45 +0000 2024
viral film the girl west java police announce 3 perpetrators of the girls murder on instagram,Bisniscom,Thu May 16 10:45:05 +0000 2024
so the story is that they met while on the boat and then they chatted it turned out that the perpetrator admitted that he was still in the same district as my friend just in a different area then my friend offered to go home together right because it was still in the same direction when he got off the boat the perpetrator wanted to,RhaJr4,Thu May 16 10:43:31 +0000 2024
911 there is a kidnapper,skrulss,Thu May 16 10:42:46 +0000 2024
so there are perpetrators of sexual violence who use profile pictures guts my besties said this,EtanaAstraea,Thu May 16 10:42:24 +0000 2024
sis i hope i can meet her mother soon i hope auntie recovers quickly and the perpetrator is found soon,toquueee,Thu May 16 10:40:24 +0000 2024
there are people who were manipulated and had their money stolen for years and then the perpetrator resigned at a later date this person still wants to employ the perpetrator and place him in a high position with a double digit salary there is no other choice so hopeless sir,kholishahts,Thu May 16 10:38:27 +0000 2024
this aggressive action occurs because there is no firm and harsh action against the perpetrator so that it becomes a snowball that grows without end dont wait for our mother our child or our wife to grieve to stop the unhealthy rivalry,writerfreax,Thu May 16 10:38:02 +0000 2024
however if the face of the perpetrators family name is shown the problem is solved by netizens,_strawberryumm,Thu May 16 10:37:21 +0000 2024
i would always think that a person who is permissive about a behavior like that must also be a dog abuser,criminace,Thu May 16 10:36:55 +0000 2024
illegal parking solutions eradicate statemanaged perpetrators,haryonoagung,Thu May 16 10:35:42 +0000 2024
rp 3552 billion for their actions the perpetrators were charged under article 92 in conjunction with article 26 of law number 31 of 2004 concerning fisheries as amended by law article 11 concerning work copyright law article 92 in conjunction with article 26,BeltimSi,Thu May 16 10:35:20 +0000 2024
next the baby lobster entered one of the houses contracted by the perpetrators to be used as a transit and refreshment place for the baby lobster before being smuggled to singapore,BeltimSi,Thu May 16 10:35:18 +0000 2024
how many perpetrators of sexual harassment do kebraon people have tried to exclude,peacecespisces,Thu May 16 10:35:01 +0000 2024
